date;open;close;index_return
02-01-17;1141,57;1161,16;1,016626247
03-01-17;1167,18;1159,51;0,998579007
04-01-17;1156,28;1154,06;0,995299739
05-01-17;1156,38;1165,36;1,009791519
06-01-17;1167,11;1168,2;1,002437015
09-01-17;1170,94;1161,26;0,994059236
10-01-17;1164,24;1155,09;0,994686806
11-01-17;1157,65;1163,55;1,007324105
12-01-17;1149,36;1152,18;0,990228181
13-01-17;1156,89;1167,24;1,013070874
16-01-17;1166,66;1166,46;0,999331757
17-01-17;1165,15;1161,2;0,99549063
18-01-17;1162,76;1156,95;0,996339993
19-01-17;1161,03;1160,53;1,003094343
20-01-17;1160,12;1158,54;0,998285266
23-01-17;1154,34;1148,28;0,991144026
24-01-17;1149,71;1144,49;0,996699411
25-01-17;1147,35;1158,72;1,012433486
26-01-17;1162,21;1166,38;1,006610743
27-01-17;1166,63;1172,85;1,005547077
30-01-17;1170,43;1167,91;0,995788038
31-01-17;1168,44;1168,44;1,000453802
01-02-17;1174,99;1180,28;1,010133169
02-02-17;1181,9;1163,44;0,985732199
03-02-17;1165,42;1168,27;1,004151482
06-02-17;1170,48;1163,11;0,995583213
07-02-17;1161,45;1165,97;1,002458925
08-02-17;1161,2;1157,18;0,992461213
09-02-17;1158,17;1175,7;1,016004425
10-02-17;1179,89;1180,24;1,003861529
13-02-17;1180,85;1185,81;1,004719379
14-02-17;1185,5;1184,93;0,999257891
15-02-17;1187,73;1189,07;1,003493877
16-02-17;1190,11;1193,23;1,003498532
17-02-17;1191,6;1188,68;0,996186821
20-02-17;1190,08;1183,88;0,995961907
21-02-17;1181,45;1193,65;1,008252526
22-02-17;1192,49;1191,62;0,998299334
23-02-17;1192,5;1189,33;0,998078246
24-02-17;1189,59;1177,71;0,990229793
27-02-17;1179,81;1177,38;0,999719795
28-02-17;1178,98;1176,83;0,999532861
01-03-17;1176,89;1188,78;1,010154398
02-03-17;1189,12;1188,88;1,00008412
03-03-17;1184,63;1182,63;0,994742951
06-03-17;1180,84;1176,61;0,994909651
07-03-17;1177,12;1170,26;0,99460314
08-03-17;1169,22;1170,94;1,000581067
09-03-17;1168,21;1170,7;0,999795036
10-03-17;1175,37;1181,56;1,009276501
13-03-17;1182,58;1187,24;1,004807204
14-03-17;1188,63;1189,29;1,001726694
15-03-17;1189,83;1191,27;1,001664859
16-03-17;1195,97;1196,92;1,004742837
17-03-17;1197,42;1200,58;1,003057848
20-03-17;1199,12;1202,08;1,001249396
21-03-17;1204,17;1187,56;0,987920937
22-03-17;1177,58;1179,82;0,993482435
23-03-17;1181;1189,42;1,008136834
24-03-17;1191,21;1196,42;1,005885221
27-03-17;1188,98;1191,93;0,996247137
28-03-17;1195,18;1198,35;1,005386222
29-03-17;1200,81;1199,85;1,001251721
30-03-17;1202,37;1206,42;1,005475684
31-03-17;1207,7;1212,67;1,005180617
03-04-17;1214,78;1206,08;0,99456571
04-04-17;1210,06;1222,05;1,013241244
05-04-17;1227,7;1226,96;1,004017839
06-04-17;1220,83;1223,61;0,997269675
07-04-17;1221,17;1221,26;0,998079453
10-04-17;1223,15;1230,84;1,007844357
11-04-17;1226,33;1230,13;0,999423158
12-04-17;1232,95;1239,55;1,007657727
18-04-17;1236,52;1225,81;0,988915332
19-04-17;1226,79;1233,45;1,006232614
20-04-17;1235,23;1239,65;1,005026552
21-04-17;1238,58;1230,64;0,992731819
24-04-17;1246,96;1246,1;1,012562569
25-04-17;1245,9;1252,73;1,0053206
26-04-17;1251,78;1262,58;1,007862828
27-04-17;1259,88;1271,88;1,00736587
28-04-17;1274,05;1277,07;1,004080574
01-05-17;1277,32;1273,31;0,99705576
02-05-17;1276,58;1279,6;1,004939881
03-05-17;1291,52;1287,26;1,005986246
04-05-17;1290,53;1290,12;1,002221773
05-05-17;1292,76;1297,1;1,005410349
08-05-17;1301,75;1296,5;0,99953743
09-05-17;1300,27;1291,66;0,996266872
10-05-17;1293,14;1300,74;1,007029714
11-05-17;1299,21;1301,5;1,000584283
15-05-17;1309,01;1307,79;1,004832885
16-05-17;1306,22;1303,99;0,997094335
17-05-17;1298,86;1277,8;0,97991549
18-05-17;1274,17;1280,84;1,002379089
19-05-17;1282,13;1289,95;1,00711252
22-05-17;1292,96;1297,05;1,005504089
23-05-17;1294,23;1299,26;1,001703866
24-05-17;1298,24;1301,8;1,001954959
29-05-17;1296,54;1296,56;0,995974804
30-05-17;1294,63;1302,88;1,004874437
31-05-17;1301,84;1312,38;1,007291539
01-06-17;1311,08;1318,28;1,004495649
02-06-17;1324,08;1331,69;1,010172346
06-06-17;1330,07;1327,54;0,996883659
07-06-17;1327,18;1320,7;0,994847613
08-06-17;1320,95;1316,03;0,996463996
09-06-17;1319,2;1324,97;1,006793158
12-06-17;1323,57;1318,43;0,995064039
13-06-17;1324,35;1330,35;1,009041056
14-06-17;1334,09;1335,15;1,003608073
15-06-17;1331,7;1320,01;0,98866045
16-06-17;1321,11;1328,51;1,006439345
19-06-17;1335,87;1347,85;1,014557662
20-06-17;1348,97;1343,54;0,996802315
21-06-17;1342,94;1341,22;0,998273219
22-06-17;1340,74;1340,17;0,999217131
23-06-17;1337,3;1338,72;0,998918048
26-06-17;1340,55;1339,04;1,000239034
27-06-17;1332,91;1321,84;0,987154977
28-06-17;1317,23;1316,5;0,995960177
29-06-17;1319,25;1299,64;0,987193316
30-06-17;1294,52;1308,76;1,007017328
03-07-17;1312,64;1318,17;1,007190012
04-07-17;1312,94;1314,24;0,997018594
05-07-17;1313,51;1318,62;1,003332725
06-07-17;1319,94;1308,39;0,992241889
07-07-17;1305,59;1309,88;1,001138804
10-07-17;1315,81;1319,99;1,007718264
11-07-17;1323,33;1317,65;0,998227259
12-07-17;1316,94;1329,25;1,008803552
13-07-17;1329,62;1326,8;0,998156855
14-07-17;1330,6;1333,17;1,004801025
17-07-17;1334,35;1339,92;1,00506312
18-07-17;1339,87;1336,37;0,997350588
19-07-17;1341,4;1339,06;1,002012916
20-07-17;1340,54;1338,84;0,999835706
21-07-17;1338;1327,53;0,991552389
24-07-17;1327,99;1313,29;0,989273312
25-07-17;1313,28;1320,28;1,005322511
26-07-17;1319,45;1323,95;1,002779713
27-07-17;1323,53;1326,53;1,001948714
28-07-17;1321,94;1318,66;0,994067228
31-07-17;1320,5;1326,23;1,005740676
01-08-17;1326,56;1327,5;1,000957602
02-08-17;1330,24;1321,93;0,995804143
03-08-17;1321,4;1317,27;0,996474851
04-08-17;1317,17;1325,06;1,005913746
07-08-17;1324,94;1324,85;0,999841517
08-08-17;1324,28;1319,75;0,996150508
09-08-17;1324,88;1334,91;1,011487024
10-08-17;1333,84;1324,23;0,991999461
11-08-17;1324,23;1328,31;1,003081036
14-08-17;1332,88;1333,85;1,004170713
15-08-17;1336,73;1334,7;1,000637253
16-08-17;1335,06;1333,77;0,999303214
17-08-17;1333,79;1327,36;0,995194074
18-08-17;1323,74;1324,5;0,997845347
21-08-17;1327,91;1328,02;1,002657607
22-08-17;1332,82;1346,09;1,013606723
23-08-17;1342,24;1340,27;0,995676366
24-08-17;1338,83;1348,09;1,005834645
25-08-17;1349,66;1346,88;0,999102434
28-08-17;1345,11;1344,49;0,998225529
29-08-17;1341,46;1332,66;0,991201125
30-08-17;1337,81;1340,61;1,005965513
31-08-17;1342,74;1354,18;1,010122258
01-09-17;1357,06;1359,99;1,004290419
04-09-17;1359,84;1353,48;0,9952132
05-09-17;1352,25;1346,13;0,994569554
06-09-17;1342,71;1339,07;0,994755336
07-09-17;1340,29;1346,08;1,005234977
08-09-17;1345,93;1345,63;0,999665696
11-09-17;1348,21;1353,79;1,006064074
12-09-17;1353,8;1353,27;0,999615893
13-09-17;1351,49;1352,4;0,999357113
14-09-17;1352,1;1355,44;1,002247856
15-09-17;1350,44;1335,01;0,984927404
18-09-17;1335,62;1343,02;1,005999955
19-09-17;1344,84;1345,3;1,001697666
20-09-17;1346,7;1349,45;1,003084814
21-09-17;1355,51;1353,86;1,003267998
22-09-17;1351,28;1357,77;1,002888039
25-09-17;1359,42;1368,64;1,008005774
26-09-17;1365,74;1356,67;0,991254092
27-09-17;1358,7;1358,27;1,001179358
28-09-17;1361,72;1364,44;1,004542543
29-09-17;1365,45;1361,02;0,997493477
02-10-17;1365,38;1376,11;1,011087273
03-10-17;1376,35;1374,21;0,998619296
04-10-17;1377,5;1379,93;1,004162391
05-10-17;1381,11;1380,03;1,000072467
06-10-17;1380,7;1377,3;0,998021782
09-10-17;1378,09;1379,23;1,001401292
10-10-17;1377,42;1379,01;0,999840491
11-10-17;1382,02;1388;1,00651917
12-10-17;1389,59;1384,38;0,997391931
13-10-17;1382,69;1370,38;0,98988717
16-10-17;1368,27;1380,27;1,007216976
17-10-17;1380,65;1375,84;0,996790483
18-10-17;1377,48;1388,77;1,009397895
19-10-17;1389,82;1380,35;0,993937081
20-10-17;1382,1;1384,16;1,00276017
23-10-17;1387,38;1385,8;1,001184834
24-10-17;1385,25;1376,41;0,99322413
25-10-17;1375,16;1378,79;1,001729136
26-10-17;1374,47;1379,02;1,000166813
27-10-17;1382,54;1389,12;1,007324042
30-10-17;1388,99;1395,83;1,004830396
31-10-17;1395,75;1395,66;0,999878209
01-11-17;1392,85;1397,1;1,00103177
02-11-17;1397,3;1380,07;0,987810465
03-11-17;1382,65;1369,48;0,992326476
06-11-17;1372,16;1380,44;1,008003038
07-11-17;1377,97;1368,13;0,991082553
08-11-17;1371,84;1373,37;1,003830045
09-11-17;1374,44;1338,83;0,974850186
10-11-17;1338,66;1336,96;0,998603258
13-11-17;1339,21;1322,92;0,989498564
14-11-17;1320,97;1318,96;0,997006622
15-11-17;1318,59;1319,44;1,000363923
16-11-17;1324,13;1334,49;1,011406354
17-11-17;1334,84;1331,81;0,997991742
20-11-17;1329,84;1335,15;1,002507865
21-11-17;1335,14;1334,93;0,999835225
22-11-17;1334,12;1333,75;0,999116059
23-11-17;1330,58;1328,93;0,996386129
24-11-17;1329,24;1322,71;0,995319543
27-11-17;1322,08;1312,3;0,992129794
28-11-17;1308,81;1326,02;1,010454926
29-11-17;1330,57;1327,84;1,001372528
30-11-17;1328,8;1337,13;1,006996325
01-12-17;1342,43;1333,18;0,997045912
04-12-17;1338,77;1327,87;0,996017042
05-12-17;1326,39;1312,96;0,988771491
06-12-17;1312,6;1319,33;1,004851633
07-12-17;1323,21;1321,64;1,001750889
08-12-17;1327,64;1333,08;1,008655912
11-12-17;1337,52;1334,59;1,001132715
12-12-17;1335,98;1341,31;1,005035254
13-12-17;1341,31;1337,39;0,997077484
14-12-17;1339,2;1339,4;1,001502927
15-12-17;1331,75;1327,33;0,990988502
18-12-17;1337,7;1345,74;1,013869949
19-12-17;1345,57;1343,48;0,998320627
20-12-17;1345,53;1339,89;0,997327835
21-12-17;1339,73;1345,19;1,003955549
22-12-17;1345,07;1349,79;1,003419591
27-12-17;1350,11;1353,59;1,002815253
28-12-17;1353,44;1350,79;0,997931427
29-12-17;1352,16;1352,77;1,001465809
02-01-18;1356,22;1355,1;1,001722392
03-01-18;1358,19;1360,73;1,004154675
04-01-18;1364,41;1365,14;1,003240907
05-01-18;1367,84;1373,98;1,006475526
08-01-18;1378,52;1384,26;1,007481914
09-01-18;1385,9;1387,4;1,00226836
10-01-18;1390,36;1382,17;0,996230359
11-01-18;1382,47;1374,98;0,994798035
12-01-18;1373,56;1366,46;0,993803546
15-01-18;1366,46;1365,23;0,999099864
16-01-18;1364,68;1369,15;1,002871311
17-01-18;1363,91;1373,3;1,003031078
18-01-18;1377,98;1370,81;0,998186849
19-01-18;1377,5;1382,46;1,008498625
22-01-18;1386,39;1385;1,001837305
23-01-18;1386,67;1389,48;1,003234657
24-01-18;1391,07;1384,4;0,996343956
25-01-18;1380,23;1368,43;0,988464317
26-01-18;1370,38;1377,81;1,006854571
29-01-18;1374,35;1374,75;0,997779084
30-01-18;1369,15;1361,4;0,990289143
31-01-18;1359,64;1354,04;0,9945938
01-02-18;1360,93;1324,98;0,9785383
02-02-18;1331,81;1301,03;0,981924255
05-02-18;1295,4;1297,3;0,997133041
06-02-18;1252,15;1276,97;0,984328991
07-02-18;1289,38;1296,97;1,015662075
08-02-18;1295,7;1287,27;0,99252103
09-02-18;1277,92;1285,3;0,99846963
12-02-18;1304,54;1311,81;1,020625535
13-02-18;1313,98;1303,24;0,993467042
14-02-18;1306,61;1314,76;1,008839508
15-02-18;1317,32;1321,57;1,005179653
16-02-18;1331,44;1345,76;1,018303987
19-02-18;1347,82;1332,57;0,990198847
20-02-18;1332,4;1334,77;1,001650945
21-02-18;1330,9;1338,1;1,002494812
22-02-18;1337,9;1349,54;1,008549436
23-02-18;1356,41;1359,67;1,007506261
26-02-18;1365,17;1370,73;1,008134327
27-02-18;1366,35;1356,42;0,989560307
28-02-18;1349,39;1349,73;0,995067899
01-03-18;1342,94;1333,49;0,987967964
02-03-18;1319,19;1313,36;0,984904274
05-03-18;1309,84;1317,44;1,003106536
06-03-18;1327,36;1321,08;1,002762934
07-03-18;1316,82;1324,36;1,002482817
08-03-18;1324,48;1338,2;1,010450331
09-03-18;1338,45;1341,02;1,002107308
12-03-18;1345,89;1344,48;1,002580126
13-03-18;1343,65;1336,29;0,993908426
14-03-18;1338,46;1333,41;0,997844779
15-03-18;1336,11;1341,04;1,005722171
16-03-18;1342,83;1342,97;1,001439182
19-03-18;1343,75;1337,1;0,995629091
20-03-18;1338,71;1337,07;0,999977563
21-03-18;1338,33;1338,51;1,001076982
22-03-18;1334,79;1319,88;0,986081538
23-03-18;1307,99;1322,58;1,002045641
26-03-18;1325,54;1317,91;0,996469023
27-03-18;1332,3;1320,97;1,002321858
28-03-18;1317,64;1330,84;1,007471782
03-04-18;1330,42;1326,74;0,996919239
04-04-18;1326,71;1308,14;0,985980674
05-04-18;1322,72;1330,18;1,01684835
06-04-18;1326,24;1328,16;0,998481409
09-04-18;1332,25;1333,88;1,00430671
10-04-18;1339,87;1340,77;1,005165382
11-04-18;1341,58;1327,78;0,990311537
12-04-18;1334,22;1333,75;1,004496227
13-04-18;1340,73;1329,48;0,9967985
16-04-18;1333,01;1328,16;0,999007131
17-04-18;1331,57;1336,55;1,00631701
18-04-18;1336,55;1338,82;1,001698403
19-04-18;1341,21;1333,83;0,996272837
20-04-18;1333,58;1331,43;0,99820067
23-04-18;1335,32;1337,49;1,004551497
24-04-18;1341,37;1340,18;1,00201123
25-04-18;1335,59;1326,72;0,989956573
26-04-18;1331,15;1343,55;1,01268542
30-04-18;1350,42;1347,16;1,002686912
01-05-18;1350,3;1353,45;1,004669082
02-05-18;1365,29;1376,27;1,016860615
03-05-18;1378,87;1371,97;0,996875613
04-05-18;1371,75;1369,65;0,998309001
07-05-18;1374,49;1390,87;1,015493009
08-05-18;1389,6;1404,62;1,009885899
09-05-18;1403,72;1401,67;0,997899788
14-05-18;1415,13;1409,69;1,005721746
15-05-18;1399,64;1392,81;0,988025736
16-05-18;1390,86;1396,02;1,002304693
17-05-18;1389,9;1395,01;0,999276515
18-05-18;1395,16;1390,92;0,997068121
22-05-18;1396,68;1396,39;1,003932649
23-05-18;1390,63;1393,37;0,99783728
24-05-18;1386,34;1379,94;0,990361498
25-05-18;1385,21;1386,2;1,004536429
28-05-18;1390,02;1375,57;0,992331554
29-05-18;1371,29;1362,46;0,990469405
30-05-18;1356,67;1365,83;1,002473467
31-05-18;1373,32;1370,06;1,003097018
01-06-18;1372,03;1386,62;1,012087062
04-06-18;1395,86;1390,45;1,002762112
06-06-18;1389,88;1379,49;0,99211766
07-06-18;1384,78;1372,45;0,994896665
08-06-18;1358,49;1364,06;0,993886845
11-06-18;1367,51;1370,49;1,004713869
12-06-18;1372,26;1370,26;0,999832177
13-06-18;1372,2;1377,55;1,005320158
14-06-18;1373,99;1389,55;1,008711118
15-06-18;1390,66;1390,07;1,000374222
18-06-18;1384,17;1374,62;0,988885452
19-06-18;1364,4;1363,72;0,992070536
20-06-18;1369,66;1375,86;1,008902121
21-06-18;1386,48;1377,21;1,000981204
22-06-18;1378,11;1384,8;1,005511142
25-06-18;1384,13;1373,15;0,991587233
26-06-18;1372,7;1356,54;0,987903725
27-06-18;1357,16;1360,11;1,002631695
28-06-18;1353,01;1344,49;0,988515635
29-06-18;1353,36;1356,98;1,009289768
02-07-18;1350,37;1350,45;0,995187844
03-07-18;1353,88;1361,98;1,008537895
04-07-18;1357,74;1366,01;1,002958927
05-07-18;1365,15;1360,01;0,995607646
06-07-18;1359,6;1368,62;1,006330836
09-07-18;1373,01;1378,95;1,007547749
10-07-18;1384,57;1393,99;1,010906849
11-07-18;1385,8;1385,86;0,99416782
12-07-18;1393,3;1403,85;1,012981109
13-07-18;1408,34;1406,04;1,001559996
16-07-18;1408,59;1402,7;0,997624534
17-07-18;1406,09;1415,08;1,008825836
18-07-18;1414,91;1410,48;0,9967493
19-07-18;1413,22;1412,37;1,001339969
20-07-18;1414,62;1422,32;1,007044896
23-07-18;1419,46;1420,56;0,998762585
24-07-18;1423,86;1429,32;1,006166582
25-07-18;1426,47;1432,21;1,002021941
26-07-18;1440,29;1449,61;1,012149056
27-07-18;1447,88;1449,14;0,999675775
30-07-18;1446,57;1442,03;0,995093642
31-07-18;1442,33;1432,6;0,993460608
01-08-18;1435,67;1433,01;1,000286193
02-08-18;1427,01;1430,81;0,99846477
03-08-18;1434,23;1432,08;1,000887609
06-08-18;1434,57;1425,13;0,995146919
07-08-18;1420,44;1424,94;0,999866679
08-08-18;1408,37;1395,07;0,979037714
09-08-18;1397,76;1406,42;1,008135792
10-08-18;1398,23;1398,76;0,994553547
13-08-18;1396,73;1403,58;1,003445909
14-08-18;1408,68;1410,77;1,005122615
15-08-18;1411,64;1392,44;0,987007095
16-08-18;1399,21;1403,85;1,008194249
17-08-18;1409,32;1404,95;1,000783559
20-08-18;1408,19;1411,78;1,004861383
21-08-18;1411,25;1419,11;1,005192027
22-08-18;1423,03;1424,59;1,003861575
23-08-18;1424,25;1421,82;0,998055581
24-08-18;1423,02;1428,56;1,004740403
27-08-18;1431,63;1439,77;1,007847063
28-08-18;1445,25;1441,65;1,001305764
29-08-18;1441,04;1442,66;1,000700586
30-08-18;1436,65;1444,16;1,001039746
31-08-18;1440,1;1436,05;0,994384279
03-09-18;1434,8;1432,04;0,997207618
04-09-18;1430,07;1419,25;0,991068685
05-09-18;1415,33;1396,89;0,9842452
06-09-18;1398,98;1398,28;1,000995068
07-09-18;1399,69;1398,98;1,000500615
10-09-18;1399,47;1399,65;1,00047892
11-09-18;1400,34;1390,61;0,993541242
12-09-18;1391,8;1398,28;1,005515565
13-09-18;1400,13;1397,49;0,99943502
14-09-18;1400,73;1389,99;0,994633235
17-09-18;1385,41;1379,32;0,992323686
18-09-18;1381,09;1382,22;1,002102485
19-09-18;1383,11;1378,92;0,997612536
20-09-18;1380,54;1386,42;1,005439039
21-09-18;1390,75;1392,28;1,004226713
24-09-18;1385,03;1383,22;0,993492688
25-09-18;1385,01;1393,4;1,007359639
26-09-18;1393,16;1391,46;0,998607722
27-09-18;1389,5;1387,94;0,997470283
28-09-18;1390,16;1385,98;0,998587835
01-10-18;1386,58;1388,52;1,001832638
02-10-18;1388,82;1389,37;1,000612163
03-10-18;1392,32;1386,7;0,998078266
04-10-18;1383;1333,13;0,961368717
05-10-18;1335,26;1327,49;0,995769355
08-10-18;1326,21;1296,77;0,976858583
09-10-18;1299,62;1292,23;0,996498994
10-10-18;1291,74;1267,75;0,981056004
11-10-18;1241,38;1256,1;0,990810491
12-10-18;1269,27;1272,49;1,013048324
15-10-18;1274,58;1269,83;0,99790961
16-10-18;1270,11;1297,4;1,021711568
17-10-18;1299,34;1298,52;1,000863265
18-10-18;1301,16;1310,69;1,009372208
19-10-18;1305,45;1300,67;0,992355172
22-10-18;1307,83;1296,53;0,996817025
23-10-18;1279,83;1262,11;0,973452215
24-10-18;1266,21;1268,45;1,005023334
25-10-18;1251,25;1246,63;0,982797903
26-10-18;1247,08;1238,93;0,993823348
29-10-18;1245,25;1265,42;1,021381353
30-10-18;1265,04;1259,6;0,995400737
31-10-18;1268,41;1276,92;1,013750397
01-11-18;1294,21;1294,15;1,013493406
02-11-18;1295,95;1301,7;1,005833945
05-11-18;1301,82;1289,86;0,990904202
06-11-18;1288,66;1292,16;1,001783139
07-11-18;1297,79;1311,86;1,01524579
08-11-18;1322,22;1322,75;1,008301191
09-11-18;1319,75;1323,39;1,00048384
12-11-18;1327,55;1316,71;0,994952357
13-11-18;1316,83;1301,72;0,988615565
14-11-18;1302,46;1304,95;1,002481332
15-11-18;1304,4;1278,43;0,979677382
16-11-18;1284,5;1285,06;1,005186049
19-11-18;1297,26;1283,23;0,998575942
20-11-18;1279,73;1258,84;0,980993275
21-11-18;1260,24;1262,48;1,002891551
22-11-18;1264,25;1261,79;0,999453457
23-11-18;1262,21;1277,47;1,012426791
26-11-18;1287,63;1302,3;1,019436856
27-11-18;1301,88;1296,41;0,995477233
28-11-18;1300,48;1292,59;0,997053401
29-11-18;1293,24;1294,61;1,001562754
30-11-18;1295,32;1291,73;0,997775392
03-12-18;1314,52;1293,68;1,001509603
04-12-18;1296,05;1296,43;1,002125719
05-12-18;1290,71;1294,81;0,998750415
06-12-18;1287,73;1271,92;0,982321731
07-12-18;1279,1;1289,62;1,01391597
10-12-18;1285,69;1275,2;0,988818412
11-12-18;1285,82;1289,12;1,010915935
12-12-18;1286,52;1296,23;1,00551539
13-12-18;1297,25;1305,56;1,007197797
14-12-18;1302,45;1305,48;0,999938724
17-12-18;1300,83;1293,26;0,990639458
18-12-18;1290,25;1283,95;0,992801138
19-12-18;1281,07;1276,88;0,994493555
20-12-18;1260,8;1257,56;0,984869369
21-12-18;1246,42;1247,13;0,991706161
27-12-18;1250,84;1226,58;0,983522167
28-12-18;1233,1;1245,98;1,015816335
02-01-19;1239,9;1259,25;1,010650251
03-01-19;1257,08;1255,01;0,996632916
04-01-19;1262,23;1282,09;1,021577517
07-01-19;1281,42;1289,13;1,005491034
08-01-19;1289,47;1300,2;1,008587187
09-01-19;1307,02;1309,08;1,006829719
10-01-19;1306,01;1302,81;0,995210377
11-01-19;1305,98;1302,63;0,999861837
14-01-19;1292,56;1281,27;0,983602404
15-01-19;1283,93;1287,63;1,004963825
16-01-19;1289,38;1295,33;1,005979979
17-01-19;1291,85;1298,31;1,002300572
18-01-19;1309,41;1309,41;1,008549576
21-01-19;1310,56;1312,82;1,002604226
22-01-19;1307,48;1311,21;0,998773632
23-01-19;1310,27;1309,66;0,998817886
24-01-19;1308,13;1305,27;0,996647985
25-01-19;1309,48;1297,39;0,993962935
28-01-19;1297,05;1292,58;0,996292557
29-01-19;1292,87;1301,59;1,006970555
30-01-19;1300,58;1304,7;1,002389385
31-01-19;1306,96;1297,9;0,994788074
01-02-19;1312,04;1324,13;1,020209569
04-02-19;1320,95;1319,29;0,99634477
05-02-19;1323,4;1344,64;1,019214881
06-02-19;1343,57;1335,69;0,993343943
07-02-19;1332,02;1332,27;0,997439526
08-02-19;1332,18;1319,86;0,990685071
11-02-19;1328,36;1331,01;1,008447866
12-02-19;1335,98;1343,97;1,009736967
13-02-19;1345,52;1345,81;1,001369078
14-02-19;1349,47;1354,62;1,006546244
15-02-19;1352,28;1361,2;1,004857451
18-02-19;1363,25;1366,34;1,00377608
19-02-19;1365,95;1354,57;0,991385746
20-02-19;1358,96;1363,59;1,00665894
21-02-19;1365,01;1354,57;0,993385108
22-02-19;1356,16;1361,31;1,004975749
25-02-19;1366,51;1365,54;1,003107301
26-02-19;1364,53;1370,37;1,003537062
27-02-19;1367,38;1365,37;0,99635135
28-02-19;1360,9;1366,39;1,00074705
01-03-19;1367,13;1373,37;1,005108351
04-03-19;1377;1379,44;1,004419785
05-03-19;1378,86;1385,09;1,004095865
06-03-19;1384,34;1378,96;0,995574295
07-03-19;1379,05;1378,33;0,999543134
08-03-19;1376,61;1375,51;0,997954046
11-03-19;1378,17;1376,94;1,001039614
12-03-19;1380,6;1384,32;1,005359711
13-03-19;1382,28;1391,93;1,005497284
14-03-19;1394,41;1404,66;1,009145575
15-03-19;1406,65;1410,09;1,003865704
18-03-19;1414,44;1417,22;1,005056415
19-03-19;1419,11;1429,24;1,008481393
20-03-19;1424,32;1424,87;0,996942431
21-03-19;1423,92;1422,78;0,9985332
22-03-19;1423;1410,28;0,991214383
25-03-19;1399,13;1404,35;0,995795161
26-03-19;1404,54;1414,1;1,006942714
27-03-19;1415,52;1410,85;0,997701718
28-03-19;1411,05;1412,09;1,000878903
29-03-19;1416,34;1416,13;1,002861007
01-04-19;1419,97;1432,57;1,011609104
02-04-19;1433,47;1441,52;1,006247513
03-04-19;1440,51;1438,5;0,997904989
04-04-19;1435,94;1430,53;0,994459506
05-04-19;1432,88;1436,49;1,004166288
08-04-19;1438,43;1437,44;1,000661334
09-04-19;1436,65;1432,68;0,996688557
10-04-19;1431,57;1434,94;1,001577463
11-04-19;1435,22;1435,37;1,000299664
12-04-19;1434,12;1436,13;1,00052948
15-04-19;1435,22;1440,27;1,002882747
16-04-19;1441,61;1440,34;1,000048602
17-04-19;1433,66;1428,34;0,991668634
23-04-19;1439,21;1431,49;1,002205357
24-04-19;1431,23;1430,11;0,99903597
25-04-19;1430,62;1427,74;0,998342785
26-04-19;1428,88;1447,48;1,013826047
29-04-19;1451,63;1451,34;1,002666704
30-04-19;1442,96;1441,55;0,99325451
01-05-19;1447,2;1446,51;1,003440741
02-05-19;1443,67;1435,14;0,992139702
03-05-19;1435,66;1428,41;0,995310562
06-05-19;1409,29;1419,2;0,993552271
07-05-19;1422,28;1424,21;1,003530158
08-05-19;1421,45;1431,18;1,004893941
09-05-19;1427,46;1419,67;0,991957685
10-05-19;1424,16;1420,02;1,000246536
13-05-19;1419,51;1395,45;0,982697427
14-05-19;1397,18;1401,68;1,00446451
15-05-19;1409,55;1395,03;0,995255693
16-05-19;1394,32;1410,83;1,011325921
20-05-19;1416,47;1405;0,995867681
21-05-19;1409,61;1417,77;1,009088968
22-05-19;1419,79;1429,49;1,008266503
23-05-19;1429,5;1418,26;0,992144051
24-05-19;1422,53;1422,45;1,002954324
27-05-19;1426,79;1412,16;0,992766002
28-05-19;1412,8;1425,08;1,009149105
29-05-19;1415,34;1390,77;0,975924159
03-06-19;1384,89;1396,51;1,00412721
04-06-19;1388,38;1390,36;0,995596165
06-06-19;1396,51;1409,7;1,013910066
07-06-19;1407,23;1414,41;1,003341136
11-06-19;1435,04;1438,11;1,016756103
12-06-19;1434,96;1448,97;1,007551578
13-06-19;1448,28;1444,75;0,997087586
14-06-19;1439,96;1434,9;0,993182211
17-06-19;1434,25;1435,71;1,000564499
18-06-19;1435,26;1453,08;1,012098544
19-06-19;1453,08;1454,66;1,001087346
20-06-19;1456,22;1449,97;0,996775879
21-06-19;1446,57;1435,39;0,98994462
24-06-19;1440,17;1436,98;1,001107713
25-06-19;1432,51;1440,9;1,002727943
26-06-19;1440,4;1433,31;0,994732459
27-06-19;1432,41;1421,17;0,991530095
28-06-19;1420,54;1429,08;1,005565837
01-07-19;1441,39;1449,95;1,014603801
02-07-19;1452,42;1458,44;1,005855374
03-07-19;1458,38;1475,46;1,011670004
04-07-19;1474,49;1468,23;0,995099833
05-07-19;1470,5;1454,3;0,990512386
08-07-19;1448,97;1451,59;0,998136561
09-07-19;1447,28;1446,07;0,996197273
10-07-19;1443,74;1450,01;1,002724626
11-07-19;1451,54;1442,52;0,994834518
12-07-19;1442,76;1427,5;0,989587666
15-07-19;1426,66;1433,25;1,004028021
16-07-19;1431,55;1438,97;1,00399093
17-07-19;1438,54;1437,4;0,998908942
18-07-19;1432,12;1436,18;0,999151245
19-07-19;1438,36;1432,27;0,9972775
22-07-19;1432,85;1435,14;1,002003812
23-07-19;1436,86;1438,37;1,002250652
24-07-19;1445,55;1449,32;1,007612784
25-07-19;1448,84;1449,97;1,000448486
26-07-19;1449,94;1445,39;0,996841314
29-07-19;1444,81;1447,51;1,001466732
30-07-19;1447,04;1424,7;0,984241905
31-07-19;1426,9;1428;1,002316277
01-08-19;1425,84;1445,97;1,012584034
02-08-19;1436,88;1426,32;0,986410506
05-08-19;1418,58;1392,57;0,976337708
06-08-19;1395,74;1403,01;1,00749693
07-08-19;1411,7;1410,86;1,005595113
08-08-19;1412,25;1431,12;1,014360036
09-08-19;1440,68;1425,35;0,995968193
12-08-19;1433,83;1417,06;0,994183885
13-08-19;1415,13;1430,79;1,009689075
14-08-19;1428,33;1407,75;0,983897008
15-08-19;1413,91;1413,32;1,003956668
16-08-19;1411,89;1443,33;1,021233691
19-08-19;1444,6;1446,06;1,001891459
20-08-19;1443,66;1444,27;0,998762154
21-08-19;1445,81;1462,88;1,012885402
22-08-19;1460,36;1458,88;0,997265668
23-08-19;1462,03;1455,7;0,997820246
26-08-19;1441,52;1441,19;0,990032287
27-08-19;1441,31;1449,05;1,005453826
28-08-19;1449,54;1441,7;0,994927711
29-08-19;1441,66;1443,26;1,001082056
30-08-19;1444,05;1452,3;1,006263598
02-09-19;1453,19;1463,7;1,007849618
03-09-19;1462,16;1468,29;1,003135889
04-09-19;1474,98;1476,84;1,0058231
05-09-19;1480,98;1479,83;1,002024593
06-09-19;1485,79;1483,62;1,002561105
09-09-19;1484,02;1463,98;0,986762109
10-09-19;1459,89;1441,62;0,984726567
11-09-19;1449,1;1468,37;1,018555514
12-09-19;1476,08;1465,4;0,997977349
13-09-19;1464,23;1461,28;0,997188481
16-09-19;1455,36;1450,13;0,992369703
17-09-19;1449,87;1460,56;1,007192459
18-09-19;1460,2;1457,14;0,997658432
19-09-19;1458,41;1462,65;1,00378138
20-09-19;1463,21;1472,39;1,006659146
23-09-19;1480,36;1472,49;1,000067917
24-09-19;1475,71;1479,41;1,004699523
25-09-19;1477,9;1466,05;0,990969373
26-09-19;1465,89;1472,85;1,004638314
27-09-19;1474,49;1469,28;0,997576128
30-09-19;1468,53;1462,59;0,995446749
01-10-19;1468,12;1445,27;0,988157994
02-10-19;1442,34;1409,92;0,975540902
03-10-19;1405,41;1411,05;1,000801464
04-10-19;1416,11;1428,36;1,01226746
07-10-19;1431,24;1438,94;1,007407096
08-10-19;1440,91;1428,59;0,992807205
09-10-19;1427,89;1428,52;0,999951001
10-10-19;1428,2;1420,36;0,994287794
11-10-19;1421,54;1431,36;1,007744515
14-10-19;1432,81;1446,04;1,01025598
15-10-19;1446,65;1459,41;1,009245941
16-10-19;1459,04;1451,19;0,994367587
17-10-19;1445,64;1452,26;1,000737326
18-10-19;1450,77;1438,81;0,990738573
21-10-19;1441,3;1452,49;1,009507857
22-10-19;1450,98;1464,27;1,008110211
23-10-19;1461,28;1462,95;0,999098527
24-10-19;1464,25;1466,39;1,002351413
25-10-19;1465,86;1471,4;1,003416554
28-10-19;1472,49;1481,82;1,007081691
29-10-19;1481,02;1466,46;0,989634369
30-10-19;1464,79;1477,9;1,007801099
31-10-19;1477,32;1468,5;0,993639624
01-11-19;1471,77;1498,46;1,020401771
04-11-19;1503,12;1506,82;1,005579061
05-11-19;1506,66;1496,89;0,993409963
06-11-19;1494,83;1496,55;0,999772862
07-11-19;1502,81;1511,79;1,010183422
08-11-19;1513,12;1530,4;1,012309911
11-11-19;1530,78;1530,56;1,000104548
12-11-19;1531,51;1536,22;1,003697993
13-11-19;1534,15;1542,27;1,003938238
14-11-19;1541,62;1534,3;0,994832293
15-11-19;1540,63;1544,41;1,006589324
18-11-19;1547,04;1541,28;0,997973336
19-11-19;1542,22;1539,76;0,999013807
20-11-19;1535,93;1524,78;0,990271211
21-11-19;1524,13;1510,19;0,990431406
22-11-19;1509,78;1522,41;1,008091697
25-11-19;1527,62;1544,25;1,014345676
26-11-19;1546,35;1556,68;1,008049215
27-11-19;1558,46;1558,62;1,001246242
28-11-19;1558,98;1562,09;1,002226328
29-11-19;1555,24;1553,3;0,994372923
02-12-19;1555,42;1545,09;0,994714479
03-12-19;1548;1548,88;1,002452932
04-12-19;1550,44;1561,39;1,008076804
05-12-19;1565,86;1569,71;1,005328585
06-12-19;1571,76;1580,18;1,006670022
09-12-19;1580,91;1576,55;0,997702793
10-12-19;1578,16;1576,76;1,000133202
11-12-19;1575,89;1572,03;0,997000178
12-12-19;1572,85;1576,88;1,003085183
13-12-19;1588,36;1580,31;1,002175181
16-12-19;1586;1608,33;1,017730698
17-12-19;1608,09;1603,71;0,997127455
18-12-19;1601,22;1586,9;0,989518055
19-12-19;1590,08;1587,37;1,000296175
20-12-19;1588,22;1598,57;1,007055696
23-12-19;1599,39;1609,4;1,006774805
27-12-19;1608,85;1616,78;1,00458556
30-12-19;1616,75;1604,33;0,992299509
02-01-20;1603,3;1606,25;1,001196761
03-01-20;1603,2;1589,31;0,989453696
06-01-20;1582,94;1581,77;0,995255803
07-01-20;1590,09;1587,46;1,003597236
08-01-20;1581,25;1582,68;0,996988901
09-01-20;1593,49;1594,6;1,007531529
10-01-20;1596,83;1601,55;1,00435846
13-01-20;1602,61;1607,32;1,00360276
14-01-20;1609,89;1610,86;1,002202424
15-01-20;1609,27;1639,39;1,017711036
16-01-20;1639,48;1632,86;0,996016811
17-01-20;1640,03;1647,65;1,009057727
20-01-20;1652,34;1654,05;1,00388432
21-01-20;1649,94;1650,94;0,998119767
22-01-20;1654,39;1660,46;1,005766412
23-01-20;1659,75;1657,77;0,998379967
24-01-20;1664,77;1672,85;1,009096557
27-01-20;1655,29;1634,51;0,977081029
28-01-20;1636,93;1642,5;1,004888315
29-01-20;1647,01;1662,41;1,012121766
30-01-20;1648,56;1638,83;0,985815773
31-01-20;1648,77;1644,48;1,003447582
03-02-20;1643,53;1645,38;1,000547285
04-02-20;1650,46;1661,91;1,010046311
05-02-20;1664,5;1701,78;1,023990469
06-02-20;1704,05;1716,63;1,008726157
07-02-20;1712,04;1710,31;0,996318368
10-02-20;1707,46;1704,43;0,996562027
11-02-20;1717,8;1723,41;1,011135688
12-02-20;1716,9;1719,66;0,997824081
13-02-20;1718,96;1715,81;0,997761185
14-02-20;1722,25;1730,59;1,008614007
17-02-20;1735,61;1730,61;1,000011557
18-02-20;1722,02;1742,84;1,007066872
19-02-20;1749,65;1756,16;1,007642698
20-02-20;1756,95;1749,75;0,996349991
21-02-20;1738,78;1736,28;0,992301757
24-02-20;1718,42;1670,17;0,961924344
25-02-20;1670,24;1640,5;0,982235341
26-02-20;1621,42;1640,27;0,999859799
27-02-20;1619,92;1594,05;0,971821712
28-02-20;1549,42;1552,35;0,973840218
02-03-20;1584,55;1570,82;1,01189809
03-03-20;1604,17;1618,62;1,030429967
04-03-20;1618,09;1634,45;1,009779936
05-03-20;1652,49;1620,26;0,99131818
06-03-20;1594,73;1573,48;0,971128091
09-03-20;1479,86;1492,6;0,948598012
10-03-20;1500,47;1469,47;0,984503551
11-03-20;1483,54;1440,1;0,980013202
12-03-20;1349,39;1323,41;0,918970905
13-03-20;1354,6;1339,42;1,012097536
16-03-20;1287,84;1311,05;0,97881919
17-03-20;1341,03;1337,64;1,020281454
18-03-20;1316,68;1304,14;0,974955892
19-03-20;1304,07;1307,98;1,002944469
20-03-20;1356,23;1324,46;1,012599581
23-03-20;1276,91;1275,44;0,96298869
24-03-20;1319,19;1319,26;1,034356771
25-03-20;1365,64;1356,12;1,027939906
26-03-20;1358,09;1401,95;1,033794944
27-03-20;1390,3;1393,77;0,99416527
30-03-20;1405,61;1434,69;1,02935922
31-03-20;1471,77;1463,68;1,020206456
01-04-20;1447,16;1459,16;0,996911893
02-04-20;1459,48;1449,08;0,993091916
03-04-20;1445,79;1465,03;1,011006984
06-04-20;1496,51;1483,39;1,012532167
07-04-20;1508,91;1496,34;1,008730004
08-04-20;1493,59;1488,03;0,994446449
14-04-20;1508,41;1522,14;1,022922925
15-04-20;1528,4;1506,27;0,989573889
16-04-20;1516,05;1525,85;1,012998998
17-04-20;1552,25;1558,17;1,021181636
20-04-20;1565,8;1577,79;1,012591694
21-04-20;1574,15;1564,96;0,991868373
22-04-20;1567,89;1571,48;1,004166241
23-04-20;1574,89;1593,37;1,013929544
24-04-20;1575,99;1579,17;0,991088071
27-04-20;1591,82;1587,18;1,005072285
28-04-20;1594,4;1600,38;1,008316637
29-04-20;1605,87;1592,5;0,995076169
30-04-20;1594,7;1588,76;0,997651491
01-05-20;1572,61;1571,78;0,98931242
04-05-20;1556,99;1550,44;0,986423036
05-05-20;1559,05;1563,91;1,008687856
06-05-20;1576,01;1576,18;1,00784572
07-05-20;1582,7;1591,94;1,009998858
11-05-20;1606,82;1612,94;1,013191452
12-05-20;1613,09;1615,52;1,001599564
13-05-20;1602,71;1611,11;0,997270229
14-05-20;1606,83;1593,39;0,989001372
15-05-20;1606,87;1601,75;1,005246675
18-05-20;1622,06;1636,46;1,021670048
19-05-20;1642,52;1648,19;1,007167911
20-05-20;1645,73;1668,46;1,012298339
25-05-20;1663,11;1693,75;1,01515769
26-05-20;1706,25;1694,3;1,000324723
27-05-20;1699,38;1650,39;0,974083692
28-05-20;1671,71;1693,39;1,026054448
29-05-20;1692,06;1696,25;1,00168892
02-06-20;1711,95;1700,83;1,002700074
03-06-20;1703,34;1711,26;1,0061323
04-06-20;1709,24;1706,31;0,997107395
08-06-20;1705,84;1702,15;0,99756199
09-06-20;1706,09;1701,39;0,999553506
10-06-20;1705,86;1715,62;1,00836375
11-06-20;1694,61;1684,51;0,981866614
12-06-20;1656,07;1683,58;0,999447911
15-06-20;1659,41;1674,8;0,994784923
16-06-20;1691,36;1693,68;1,011272988
17-06-20;1698,29;1726,2;1,019200794
18-06-20;1721,39;1715,15;0,993598656
19-06-20;1723,81;1732,71;1,010238172
22-06-20;1729,65;1726,76;0,996566073
23-06-20;1742,5;1749,45;1,013140216
24-06-20;1741,17;1719,84;0,983074681
25-06-20;1708,01;1714,65;0,996982277
26-06-20;1721,32;1704,95;0,994342869
29-06-20;1700,55;1704,84;0,999935482
30-06-20;1709,98;1702,65;0,998715422
01-07-20;1707,55;1716,64;1,008216604
02-07-20;1728,59;1743,17;1,015454609
03-07-20;1745,24;1742,31;0,999506646
06-07-20;1759,98;1756,18;1,007960696
07-07-20;1749,86;1752,8;0,998075368
08-07-20;1753,08;1766,39;1,007753309
09-07-20;1771,52;1766,42;1,000016984
10-07-20;1764,43;1771,1;1,002649427
13-07-20;1775,17;1788,57;1,009863926
14-07-20;1778,22;1767,79;0,98838178
15-07-20;1779,4;1804,34;1,020675533
16-07-20;1792,97;1798,88;0,996973963
17-07-20;1800,24;1806,85;1,004430535
20-07-20;1809,15;1833,03;1,014489305
21-07-20;1839,19;1842,67;1,005259052
22-07-20;1845,49;1833,01;0,994757607
23-07-20;1834,99;1828,86;0,997735964
24-07-20;1816,17;1801,29;0,984925035
27-07-20;1795,31;1805,49;1,002331662
28-07-20;1803,59;1806,83;1,000742181
29-07-20;1807,98;1800,88;0,99670694
30-07-20;1797,56;1786,11;0,991798454
31-07-20;1792,21;1776,51;0,994625191
03-08-20;1771,88;1800,93;1,013746053
04-08-20;1803,13;1781,64;0,989288867
05-08-20;1783,95;1786,15;1,002531376
06-08-20;1791,03;1775,51;0,994043053
07-08-20;1776,95;1795,65;1,01134322
10-08-20;1799,7;1790,1;0,996909197
11-08-20;1806,9;1824,6;1,019272666
12-08-20;1817,08;1836,86;1,006719281
13-08-20;1830,99;1840,83;1,002161297
14-08-20;1836,88;1819,24;0,988271595
17-08-20;1824,77;1839,3;1,011026583
18-08-20;1836,35;1813,76;0,986114283
19-08-20;1820,04;1827,49;1,00756991
20-08-20;1823,54;1819,38;0,995562219
21-08-20;1825,91;1828,17;1,004831316
24-08-20;1842,15;1837,34;1,005015945
25-08-20;1836,68;1838,79;1,000789184
26-08-20;1833,98;1847,71;1,004851016
27-08-20;1849,24;1838,63;0,995085809
28-08-20;1834,89;1825,11;0,992646699
31-08-20;1828,95;1831,88;1,003709365
01-09-20;1834,25;1819,25;0,993105444
02-09-20;1827,81;1840,8;1,011845541
03-09-20;1854,24;1826,35;0,992150152
04-09-20;1804,13;1785,25;0,977496099
07-09-20;1793,24;1816,23;1,017353312
08-09-20;1818,48;1788,62;0,984798181
09-09-20;1796,39;1827,22;1,021580884
10-09-20;1828,41;1820,02;0,996059588
11-09-20;1822,81;1815,39;0,997456072
14-09-20;1823,61;1815,37;0,999988983
15-09-20;1821,07;1831,43;1,008846681
16-09-20;1837,64;1844,83;1,007316687
17-09-20;1835,55;1851,61;1,003675135
18-09-20;1853,14;1847,3;0,997672296
21-09-20;1843,82;1823,9;0,987332864
22-09-20;1833,54;1833,5;1,005263446
23-09-20;1836,26;1850,12;1,00906463
24-09-20;1832,39;1825,24;0,986552224
25-09-20;1826,27;1837,62;1,00678267
28-09-20;1854,86;1862,68;1,013637205
29-09-20;1868,74;1880,05;1,009325273
30-09-20;1874,02;1873,72;0,996633068
01-10-20;1882,12;1897,5;1,012691331
02-10-20;1888,24;1888,87;0,99545191
05-10-20;1901,93;1914,88;1,013770138
06-10-20;1916,82;1906,13;0,995430523
07-10-20;1911,17;1915,39;1,004858011
08-10-20;1927,16;1931,45;1,008384715
09-10-20;1949,71;1955,07;1,012229154
12-10-20;1963,75;1998,33;1,022127085
13-10-20;2000,24;1993,39;0,997527936
14-10-20;1996,6;1995,54;1,001078565
15-10-20;1981,2;1961,75;0,98306724
16-10-20;1970,42;1969,34;1,003868995
19-10-20;1978,43;1961,14;0,995836168
20-10-20;1957,89;1954,97;0,996853871
21-10-20;1951,6;1923,94;0,984127634
22-10-20;1922,72;1906,77;0,991075605
23-10-20;1908,6;1909,65;1,001510408
26-10-20;1888,67;1875,74;0,982242819
27-10-20;1880,27;1868,02;0,995884291
28-10-20;1854,73;1823,77;0,976311817
29-10-20;1816,5;1854,82;1,017025173
30-10-20;1845,76;1846,74;0,995643782
02-11-20;1858,8;1865,82;1,01033172
03-11-20;1880,51;1882,27;1,008816499
04-11-20;1880,13;1939,62;1,03046853
05-11-20;1960,26;1978,38;1,019983296
06-11-20;1983,94;1969,5;0,995511479
09-11-20;1986,73;1946,08;0,988108657
10-11-20;1959,62;1937,08;0,995375319
11-11-20;1944,02;1971,72;1,017882586
12-11-20;1969,2;1976,67;1,002510498
13-11-20;1975,06;1972,59;0,997935923
16-11-20;1977,42;1965,85;0,996583172
17-11-20;1964,68;1957,57;0,995788081
18-11-20;1952,65;1952,67;0,997496897
19-11-20;1946,82;1960,39;1,003953561
20-11-20;1962;1992,45;1,016353889
23-11-20;1997,37;1977,87;0,992682376
24-11-20;1981,19;1948,94;0,985373154
25-11-20;1952,14;1954,64;1,002924667
26-11-20;1961,39;1966,14;1,005883436
27-11-20;1963,45;1990,8;1,012542342
30-11-20;1991,94;1993,76;1,001486839
01-12-20;1991,34;1978,01;0,992100353
02-12-20;1961,55;1964,95;0,993397404
03-12-20;1964,4;1941,15;0,987887733
04-12-20;1951,98;1945,69;1,00233882
07-12-20;1955,86;1954,38;1,004466282
08-12-20;1957,66;1970,85;1,008427225
09-12-20;1975,14;1989,6;1,009513662
10-12-20;1992,68;1977,24;0,993787696
11-12-20;1981,09;1984,03;1,00343408
14-12-20;1993,68;2003,25;1,009687354
15-12-20;2004,6;1995,24;0,996001498
16-12-20;2000;2025,52;1,015176119
17-12-20;2032,64;2030,3;1,002359888
18-12-20;2031,37;2059,38;1,014323006
21-12-20;2060,45;2044,57;0,992808515
22-12-20;2051,49;2064,35;1,009674406
23-12-20;2072,31;2060,62;0,998193136
28-12-20;2075,46;2104,68;1,021381914
29-12-20;2115,8;2109,22;1,002157098
30-12-20;2112,33;2094,22;0,992888366
